{
    "name": "mi-vs-algorithms",
    "data_model": [
        {
            "name": "glauber",
            "length": 5000,
            "coupling": [
                0.0,
                0.1,
                0.2,
                0.3,
                0.4,
                0.5,
                0.51190476,
                0.52380952,
                0.53571429,
                0.54761905,
                0.55952381,
                0.57142857,
                0.58333333,
                0.5952381,
                0.60714286,
                0.61904762,
                0.63095238,
                0.64285714,
                0.6547619,
                0.66666667,
                0.67857143,
                0.69047619,
                0.70238095,
                0.71428571,
                0.72619048,
                0.73809524,
                0.75,
                0.9,
                1.05,
                1.2,
                1.35,
                1.5
            ],
            "auto_activation_prob": 0,
            "auto_deactivation_prob": 0,
            "n_active": -1,
            "prior": {
                "name": "nbinom",
                "size": 100,
                "edge_count": 250,
                "heterogeneity": 1.0
            }
        },
        {
            "name": "sis",
            "length": 5000,
            "infection_prob": [
                0.0,
                0.0625,
                0.125,
                0.125,
                0.13793103,
                0.15086207,
                0.1637931,
                0.17672414,
                0.18965517,
                0.20258621,
                0.21551724,
                0.22844828,
                0.24137931,
                0.25431034,
                0.26724138,
                0.28017241,
                0.29310345,
                0.30603448,
                0.31896552,
                0.33189655,
                0.34482759,
                0.35775862,
                0.37068966,
                0.38362069,
                0.39655172,
                0.40948276,
                0.42241379,
                0.43534483,
                0.44827586,
                0.4612069,
                0.47413793,
                0.48706897,
                0.5
            ],
            "recovery_prob": 0.5,
            "auto_activation_prob": 1e-4,
            "auto_deactivation_prob": 0,
            "n_active": -1,
            "prior": {
                "name": "nbinom",
                "size": 100,
                "edge_count": 250,
                "heterogeneity": 1.0
            }
        },
        {
            "name": "cowan",
            "length": 5000,
            "coupling": [
                1.0,
                1.08333333,
                1.16666667,
                1.25,
                1.26315789,
                1.27631579,
                1.28947368,
                1.30263158,
                1.31578947,
                1.32894737,
                1.34210526,
                1.35526316,
                1.36842105,
                1.38157895,
                1.39473684,
                1.40789474,
                1.42105263,
                1.43421053,
                1.44736842,
                1.46052632,
                1.47368421,
                1.48684211,
                1.5,
                1.66666667,
                1.83333333,
                2.0,
                2.16666667,
                2.33333333,
                2.5,
                2.66666667,
                2.83333333,
                3.0
            ],
            "eta": 0.1,
            "auto_activation_prob": 0,
            "auto_deactivation_prob": 0,
            "n_active": -1,
            "prior": {
                "name": "nbinom",
                "size": 100,
                "edge_count": 250,
                "heterogeneity": 1.0
            }
        }
    ],
    "target": "None",
    "metrics": [
        {
            "name": "bayesian",
            "graph_mcmc": {
                "name": "exact",
                "method": "exact"
            },
            "data_mcmc": {
                "name": "meanfield",
                "method": "meanfield",
                "n_sweeps": 500,
                "n_gibbs_sweeps": 2,
                "n_steps_per_vertex": 5,
                "burn_sweeps": 10,
                "sample_prior": false,
                "sample_params": false,
                "start_from_original": false,
                "reset_original": true
            },
            "reduction": "normal",
            "n_samples": 10,
            "resample_graph": false
        }
    ],
    "path": "data/coupling-duality-top",
    "n_workers": 24,
    "n_async_jobs": 1,
    "seed": null
}