{"name": "coupling-duality-synthetic-cowan_forward", "path": "data/coupling-duality-synthetic-cowan_forward", "num_workers": 4, "seed": null, "data_model": {"name": "cowan", "prior": {"name": "nbinom", "size": 1000, "edge_count": 2500, "heterogeneity": 1.0}, "length": 5000, "nu": [2.0, 2.022727272727273, 2.0454545454545454, 2.0681818181818183, 2.090909090909091, 2.1136363636363638, 2.1363636363636362, 2.159090909090909, 2.1818181818181817, 2.2045454545454546, 2.2272727272727275, 2.25, 2.2727272727272725, 2.2954545454545454, 2.3181818181818183, 2.340909090909091, 2.3636363636363638, 2.3863636363636362, 2.409090909090909, 2.4318181818181817, 2.4545454545454546, 2.4772727272727275, 2.5, 2.6666666666666665, 2.8333333333333335, 3.0, 3.1666666666666665, 3.333333333333333, 3.5, 3.6666666666666665, 3.833333333333333, 4.0], "a": 8.0, "mu": 1.0, "eta": 0.1, "auto_activation_prob": 0, "auto_deactivation_prob": 0, "n_active": 1}, "metrics": [{"name": "bayesian", "graph_mcmc": {"name": "meanfield", "method": "partition_meanfield", "equilibriate_mode_cluster": false, "n_sweeps": 1000, "n_gibbs_sweeps": 5, "n_steps_per_vertex": 1, "burn_sweeps": 4, "start_from_original": false, "reset_original": true}, "data_mcmc": {"name": "data_mcmc", "method": "meanfield", "sample_prior": true, "sample_params": false, "n_sweeps": 1000, "n_gibbs_sweeps": 10, "n_steps_per_vertex": 1, "burn_sweeps": 4, "start_from_original": false, "reset_original": true}, "reduction": "normal", "n_samples": 25, "resample_graph": false}]}